471,471,471,471,471,471,471,471,912,471,471,471,471,471,471,471,471,471,471,471,925,471,471,471,471,912,471,471,471,471,471,471
471,-1,-1,-1,-1,-1,-1,-1,-1,-1,-1,471,-1,-1,-1,-1,-1,-1,-1,-1,471,-1,-1,-1,-1,-1,-1,-1,-1,-1,-1,471
912,-1,-1,-1,-1,-1,-1,-1,-1,-1,-1,471,-1,-1,-1,-1,-1,-1,-1,-1,471,-1,-1,-1,-1,-1,-1,-1,-1,-1,-1,471
471,-1,-1,-1,-1,-1,-1,-1,-1,-1,-1,471,-1,-1,-1,-1,-1,-1,-1,-1,471,-1,-1,-1,-1,-1,-1,-1,-1,-1,-1,471
471,-1,-1,-1,-1,-1,-1,-1,-1,-1,-1,471,-1,-1,-1,-1,-1,-1,-1,-1,471,-1,-1,-1,-1,-1,-1,-1,-1,-1,-1,471
471,-1,-1,-1,-1,-1,-1,-1,-1,-1,-1,471,-1,-1,-1,-1,-1,-1,-1,-1,471,-1,-1,-1,-1,-1,-1,-1,-1,-1,-1,471
471,471,471,471,-1,-1,-1,-1,471,471,925,471,-1,-1,-1,471,471,-1,-1,-1,471,471,471,471,-1,-1,-1,-1,471,471,471,471
471,-1,-1,-1,-1,-1,-1,-1,-1,-1,-1,471,-1,-1,-1,913,471,-1,-1,-1,471,-1,-1,-1,-1,-1,-1,-1,-1,-1,-1,471
471,-1,-1,-1,-1,-1,-1,-1,-1,-1,-1,471,-1,-1,-1,471,471,-1,-1,-1,471,-1,-1,-1,-1,-1,-1,-1,-1,-1,-1,925
925,-1,-1,-1,-1,-1,-1,-1,-1,-1,-1,-1,-1,-1,-1,471,471,-1,-1,-1,-1,-1,-1,-1,-1,-1,-1,-1,-1,-1,-1,471
471,-1,-1,-1,-1,471,-1,-1,-1,-1,-1,-1,-1,-1,-1,471,919,-1,-1,-1,-1,-1,-1,-1,-1,-1,-1,-1,-1,-1,-1,471
471,-1,-1,-1,-1,919,-1,-1,-1,-1,-1,-1,-1,-1,-1,471,471,-1,-1,-1,-1,-1,-1,-1,-1,-1,471,-1,-1,-1,-1,471
471,-1,-1,-1,-1,471,-1,-1,-1,-1,-1,-1,-1,-1,-1,-1,-1,-1,-1,-1,-1,-1,-1,-1,-1,-1,471,-1,-1,-1,-1,471
471,-1,-1,-1,-1,471,471,471,471,471,-1,-1,-1,-1,-1,-1,-1,-1,-1,-1,-1,-1,471,471,919,471,913,-1,-1,-1,-1,919
471,-1,-1,-1,-1,-1,-1,-1,-1,-1,-1,-1,-1,-1,-1,-1,-1,-1,-1,-1,-1,-1,-1,-1,-1,-1,-1,-1,-1,-1,-1,471
471,-1,-1,-1,-1,-1,-1,-1,-1,-1,-1,-1,-1,-1,-1,-1,-1,-1,-1,-1,-1,-1,-1,-1,-1,-1,-1,-1,-1,-1,-1,471
471,-1,-1,-1,-1,-1,-1,-1,-1,-1,-1,-1,913,473,471,913,471,471,473,473,-1,-1,-1,-1,-1,-1,-1,-1,-1,-1,-1,471
471,-1,-1,-1,-1,-1,-1,-1,-1,-1,-1,-1,-1,-1,-1,-1,-1,-1,-1,-1,-1,-1,-1,-1,-1,-1,-1,-1,-1,-1,-1,925
925,471,471,471,925,471,471,471,-1,-1,-1,-1,-1,-1,-1,-1,-1,-1,-1,-1,-1,-1,-1,-1,471,912,471,919,471,471,471,471
471,-1,-1,-1,-1,-1,-1,-1,-1,-1,-1,-1,-1,-1,-1,-1,-1,-1,-1,-1,-1,-1,-1,-1,-1,-1,-1,-1,-1,-1,-1,471
471,-1,-1,-1,-1,-1,-1,-1,-1,-1,-1,-1,-1,-1,-1,-1,-1,-1,-1,-1,-1,-1,-1,-1,-1,-1,-1,-1,-1,-1,-1,471
471,-1,-1,-1,-1,-1,-1,-1,-1,-1,-1,-1,-1,-1,-1,-1,-1,-1,-1,-1,-1,-1,-1,-1,-1,-1,-1,-1,-1,-1,-1,912
471,-1,-1,-1,-1,-1,-1,-1,-1,-1,-1,-1,-1,-1,-1,-1,-1,-1,-1,-1,-1,-1,-1,-1,-1,-1,-1,-1,-1,-1,-1,471
471,-1,-1,-1,-1,-1,-1,-1,-1,-1,-1,-1,913,471,925,471,471,471,919,471,-1,-1,-1,-1,-1,-1,-1,-1,-1,-1,-1,912
471,-1,-1,-1,-1,-1,-1,-1,-1,-1,-1,-1,-1,-1,-1,-1,-1,-1,-1,-1,-1,-1,-1,-1,-1,-1,-1,-1,-1,-1,-1,471
925,-1,-1,-1,-1,-1,-1,-1,-1,-1,-1,-1,-1,-1,-1,-1,-1,-1,-1,-1,-1,-1,-1,-1,-1,-1,-1,-1,-1,-1,-1,471
471,-1,-1,-1,-1,-1,-1,-1,-1,-1,-1,-1,-1,-1,-1,-1,-1,-1,-1,-1,-1,-1,-1,-1,-1,-1,-1,-1,-1,-1,-1,471
471,-1,-1,-1,-1,-1,-1,-1,-1,-1,-1,-1,-1,-1,-1,-1,-1,-1,-1,-1,-1,-1,-1,-1,-1,-1,-1,-1,-1,-1,-1,912
471,-1,-1,-1,-1,919,471,471,-1,-1,-1,-1,919,471,913,-1,-1,471,913,471,-1,-1,-1,-1,471,471,913,-1,-1,-1,-1,471
473,-1,-1,-1,-1,-1,-1,-1,-1,-1,-1,-1,-1,-1,-1,-1,-1,-1,-1,-1,-1,-1,-1,-1,-1,-1,-1,-1,-1,-1,-1,912
473,-1,-1,-1,-1,-1,-1,-1,-1,-1,-1,-1,-1,-1,-1,-1,-1,-1,-1,-1,-1,-1,-1,-1,-1,-1,-1,-1,-1,-1,-1,473
471,-1,-1,-1,-1,-1,-1,-1,-1,-1,-1,-1,-1,-1,-1,-1,-1,-1,-1,-1,-1,-1,-1,-1,-1,-1,-1,-1,-1,-1,-1,471
1064,-1,-1,-1,-1,-1,-1,-1,-1,-1,973,-1,-1,-1,-1,-1,-1,-1,-1,-1,-1,-1,-1,-1,-1,-1,-1,-1,-1,-1,-1,1064
1064,-1,-1,-1,-1,-1,-1,-1,-1,-1,-1,-1,-1,-1,973,-1,-1,-1,-1,-1,-1,-1,-1,-1,-1,-1,-1,-1,-1,-1,-1,1064
1064,-1,-1,-1,-1,-1,-1,-1,-1,-1,-1,-1,-1,-1,-1,-1,-1,-1,-1,-1,-1,-1,-1,-1,-1,-1,-1,-1,-1,-1,-1,1064
1064,-1,-1,-1,-1,-1,-1,-1,-1,-1,-1,-1,-1,-1,-1,-1,-1,-1,-1,-1,-1,-1,-1,-1,-1,-1,-1,-1,-1,-1,-1,1064
1064,-1,-1,-1,-1,-1,-1,-1,-1,-1,973,-1,-1,-1,-1,-1,-1,-1,-1,-1,-1,-1,-1,-1,-1,-1,-1,-1,-1,-1,-1,1064
1064,-1,-1,-1,-1,-1,-1,-1,-1,-1,-1,-1,-1,-1,-1,-1,-1,-1,-1,-1,-1,-1,-1,-1,-1,-1,-1,-1,-1,-1,-1,1064
1064,-1,-1,-1,-1,-1,-1,-1,-1,-1,-1,-1,-1,-1,-1,-1,-1,-1,-1,-1,-1,-1,-1,-1,-1,-1,-1,-1,-1,-1,-1,1064
1064,-1,-1,-1,-1,-1,-1,-1,-1,-1,-1,-1,-1,-1,973,-1,-1,-1,-1,-1,-1,-1,-1,-1,-1,-1,-1,-1,-1,-1,-1,1064
1064,-1,-1,-1,-1,-1,-1,-1,-1,-1,-1,-1,-1,-1,-1,-1,-1,-1,-1,-1,-1,-1,-1,-1,-1,-1,-1,-1,-1,-1,-1,1064
1064,-1,-1,-1,-1,-1,-1,-1,-1,-1,-1,-1,-1,-1,-1,-1,-1,-1,-1,-1,-1,-1,-1,-1,-1,-1,-1,-1,-1,-1,-1,1064
1064,-1,-1,-1,-1,-1,-1,-1,-1,-1,973,-1,-1,-1,-1,-1,-1,-1,-1,-1,-1,-1,-1,-1,-1,-1,-1,-1,-1,-1,-1,1064
1064,-1,-1,-1,-1,-1,-1,-1,-1,-1,-1,-1,-1,-1,-1,-1,-1,-1,-1,-1,-1,-1,-1,-1,-1,-1,-1,-1,-1,-1,-1,1064
1064,-1,-1,-1,-1,-1,-1,-1,-1,-1,-1,-1,-1,-1,-1,-1,-1,-1,-1,-1,-1,-1,-1,-1,-1,-1,-1,-1,-1,-1,-1,1064
1064,-1,-1,-1,-1,-1,-1,-1,-1,-1,-1,-1,-1,-1,973,-1,-1,-1,-1,-1,-1,-1,-1,-1,-1,-1,-1,-1,-1,-1,-1,1064
1064,-1,-1,-1,-1,-1,-1,-1,-1,-1,-1,-1,-1,-1,-1,-1,-1,-1,-1,-1,-1,-1,-1,-1,-1,-1,-1,-1,-1,-1,-1,1064
1064,-1,-1,-1,-1,-1,-1,-1,-1,-1,-1,-1,-1,-1,-1,-1,-1,-1,-1,-1,-1,-1,-1,-1,-1,-1,-1,-1,-1,-1,-1,1064
1064,-1,-1,-1,-1,-1,-1,-1,-1,-1,973,-1,-1,-1,-1,-1,-1,-1,-1,-1,-1,-1,-1,-1,-1,-1,-1,-1,-1,-1,-1,1064
1064,-1,-1,-1,-1,-1,-1,-1,-1,-1,-1,-1,-1,-1,-1,-1,-1,-1,-1,-1,-1,-1,-1,-1,-1,-1,-1,-1,-1,-1,-1,1064
1064,-1,-1,-1,-1,-1,-1,-1,-1,-1,-1,-1,-1,-1,-1,-1,-1,-1,-1,-1,-1,-1,-1,-1,-1,-1,-1,-1,-1,-1,-1,1064
1064,-1,-1,-1,-1,-1,-1,-1,-1,-1,-1,-1,-1,-1,973,-1,-1,-1,-1,-1,-1,-1,-1,-1,-1,-1,-1,-1,-1,-1,-1,1064
1064,-1,-1,-1,-1,-1,-1,-1,-1,-1,-1,-1,-1,-1,-1,-1,-1,-1,-1,-1,-1,-1,-1,-1,-1,-1,-1,-1,-1,-1,-1,1064
1064,-1,-1,-1,-1,-1,-1,-1,-1,-1,-1,-1,-1,-1,-1,-1,-1,-1,-1,-1,-1,-1,-1,-1,-1,-1,-1,-1,-1,-1,-1,1064
1064,-1,-1,-1,-1,-1,-1,-1,-1,-1,973,-1,-1,-1,-1,-1,-1,-1,-1,-1,-1,-1,-1,-1,-1,-1,-1,-1,-1,-1,-1,1064
1064,-1,-1,-1,-1,-1,-1,-1,-1,-1,-1,-1,-1,-1,-1,-1,-1,-1,-1,-1,-1,-1,-1,-1,-1,-1,-1,-1,-1,-1,-1,1064
1064,-1,-1,-1,-1,-1,-1,-1,-1,-1,-1,-1,-1,-1,-1,-1,-1,-1,-1,-1,-1,-1,-1,-1,-1,-1,-1,-1,-1,-1,-1,1064
1064,-1,-1,-1,-1,-1,-1,-1,-1,-1,-1,-1,-1,-1,973,-1,-1,-1,-1,-1,-1,-1,-1,-1,-1,-1,-1,-1,-1,-1,-1,1064
1064,-1,-1,-1,-1,-1,-1,-1,-1,-1,-1,-1,-1,-1,-1,-1,-1,-1,-1,-1,-1,-1,-1,-1,-1,-1,-1,-1,-1,-1,-1,1064
1064,-1,-1,-1,-1,-1,-1,-1,-1,-1,-1,-1,-1,-1,-1,-1,-1,-1,-1,-1,-1,-1,-1,-1,-1,-1,-1,-1,-1,-1,-1,1064
1064,-1,-1,-1,-1,-1,-1,-1,-1,-1,973,-1,-1,-1,-1,-1,-1,-1,-1,-1,-1,-1,-1,-1,-1,-1,-1,-1,-1,-1,-1,1064
1064,-1,-1,-1,-1,-1,-1,-1,-1,-1,-1,-1,-1,-1,-1,-1,-1,-1,-1,-1,-1,-1,-1,-1,-1,-1,-1,-1,-1,-1,-1,1064
1064,-1,-1,-1,-1,-1,-1,-1,-1,-1,-1,-1,-1,-1,-1,-1,-1,-1,-1,-1,-1,-1,-1,-1,-1,-1,-1,-1,-1,-1,-1,1064
1064,-1,-1,-1,-1,-1,-1,-1,-1,-1,-1,-1,-1,-1,-1,-1,-1,-1,-1,-1,-1,-1,-1,-1,-1,-1,-1,-1,-1,-1,-1,1064
1162,1165,1162,1165,1162,1165,1162,-1,-1,-1,-1,-1,-1,-1,-1,-1,-1,-1,-1,-1,-1,-1,-1,-1,-1,-1,-1,-1,-1,-1,-1,1162
1165,-1,-1,-1,-1,-1,-1,-1,-1,-1,-1,-1,-1,-1,-1,-1,-1,-1,-1,-1,-1,-1,-1,-1,-1,-1,-1,-1,-1,-1,-1,1162
1162,-1,-1,-1,-1,-1,-1,-1,-1,-1,-1,-1,-1,-1,-1,-1,-1,-1,-1,-1,-1,-1,-1,-1,-1,-1,-1,-1,-1,-1,-1,1162
1162,-1,-1,-1,-1,-1,-1,-1,-1,-1,-1,-1,-1,-1,-1,-1,-1,-1,-1,-1,-1,-1,-1,-1,-1,-1,-1,-1,-1,-1,-1,1162
1165,1162,1165,1162,1162,1165,1162,-1,-1,-1,-1,-1,-1,-1,-1,-1,-1,-1,-1,-1,-1,-1,-1,-1,-1,-1,-1,-1,-1,-1,-1,1162
1162,-1,-1,-1,-1,-1,-1,-1,-1,-1,-1,-1,-1,-1,-1,-1,-1,-1,-1,-1,-1,-1,-1,-1,-1,-1,-1,-1,-1,-1,-1,1162
1162,-1,-1,-1,-1,-1,-1,-1,-1,-1,-1,-1,-1,-1,-1,-1,-1,-1,-1,-1,-1,-1,-1,-1,-1,-1,-1,-1,-1,-1,-1,1162
1165,-1,-1,-1,-1,-1,-1,-1,-1,-1,-1,-1,-1,-1,-1,-1,-1,-1,-1,-1,-1,-1,-1,-1,-1,-1,-1,-1,-1,-1,-1,1162
1162,-1,-1,-1,-1,-1,-1,-1,-1,-1,-1,-1,-1,-1,-1,-1,-1,-1,-1,-1,-1,-1,-1,-1,-1,-1,-1,-1,-1,-1,-1,1162
1162,1162,1162,1162,1162,1162,1162,-1,-1,-1,-1,-1,-1,-1,-1,-1,-1,-1,-1,-1,-1,-1,-1,-1,-1,-1,-1,-1,-1,-1,-1,1162
1162,-1,-1,-1,-1,-1,-1,-1,-1,-1,-1,-1,-1,-1,-1,-1,-1,-1,-1,-1,-1,-1,-1,-1,-1,-1,-1,-1,-1,-1,-1,1162
1165,-1,-1,-1,-1,-1,-1,-1,-1,-1,-1,-1,-1,-1,-1,-1,-1,-1,-1,-1,-1,-1,-1,-1,-1,-1,-1,-1,-1,-1,-1,1162
1162,-1,-1,-1,-1,-1,-1,-1,-1,-1,-1,-1,-1,-1,-1,-1,-1,-1,-1,-1,-1,-1,-1,-1,-1,-1,-1,-1,-1,-1,-1,1162
1162,-1,-1,-1,-1,-1,-1,-1,-1,-1,-1,-1,-1,-1,-1,-1,-1,-1,-1,-1,-1,-1,-1,-1,-1,-1,-1,-1,-1,-1,-1,1162
1162,1164,1164,1162,1162,1162,1162,-1,-1,-1,-1,-1,-1,-1,-1,-1,-1,-1,-1,-1,-1,-1,-1,-1,-1,-1,-1,-1,-1,-1,-1,1162
1162,-1,-1,-1,-1,-1,-1,-1,-1,-1,-1,-1,-1,-1,-1,-1,-1,-1,-1,-1,-1,-1,-1,-1,-1,-1,-1,-1,-1,-1,-1,1162
1172,-1,-1,-1,-1,-1,-1,-1,-1,-1,-1,-1,-1,-1,-1,-1,-1,-1,-1,-1,-1,-1,-1,-1,-1,-1,-1,-1,-1,-1,-1,1162
1165,-1,-1,-1,-1,-1,-1,-1,-1,-1,-1,-1,-1,-1,-1,-1,-1,-1,-1,-1,-1,-1,-1,-1,-1,-1,-1,-1,-1,-1,-1,1162
1162,-1,-1,-1,-1,-1,-1,-1,-1,-1,-1,-1,-1,-1,-1,-1,-1,-1,-1,-1,-1,-1,-1,-1,-1,-1,-1,-1,-1,-1,-1,1162
1162,1162,1162,1162,1164,1162,1164,-1,-1,-1,-1,-1,-1,-1,-1,-1,-1,-1,-1,-1,-1,-1,-1,-1,-1,-1,-1,-1,-1,-1,-1,1162
1172,-1,-1,-1,-1,-1,-1,-1,-1,-1,-1,-1,-1,-1,-1,-1,-1,-1,-1,-1,-1,-1,-1,-1,-1,-1,-1,-1,-1,-1,-1,1162
1162,-1,-1,-1,-1,-1,-1,-1,-1,-1,-1,-1,-1,-1,-1,-1,-1,-1,-1,-1,-1,-1,-1,-1,-1,-1,-1,-1,-1,-1,-1,1162
1165,-1,-1,-1,-1,-1,-1,-1,-1,-1,-1,-1,-1,-1,-1,-1,-1,-1,-1,-1,-1,-1,-1,-1,-1,-1,-1,-1,-1,-1,-1,1162
1162,-1,-1,-1,-1,-1,-1,-1,-1,-1,-1,-1,-1,-1,-1,-1,-1,-1,-1,-1,-1,-1,-1,-1,-1,-1,-1,-1,-1,-1,-1,1162
1172,1162,1162,1164,1162,1162,1162,-1,-1,-1,-1,-1,-1,-1,-1,-1,-1,-1,-1,-1,-1,-1,-1,-1,-1,-1,-1,-1,-1,-1,-1,1162
1172,-1,-1,-1,-1,-1,-1,-1,-1,-1,-1,-1,-1,-1,-1,-1,-1,-1,-1,-1,-1,-1,-1,-1,-1,-1,-1,-1,-1,-1,-1,1162
1165,-1,-1,-1,-1,-1,-1,-1,-1,-1,-1,-1,-1,-1,-1,-1,-1,-1,-1,-1,-1,-1,-1,-1,-1,-1,-1,-1,-1,-1,-1,1162
1162,-1,-1,-1,-1,-1,-1,-1,-1,-1,-1,-1,-1,-1,-1,-1,-1,-1,-1,-1,-1,-1,-1,-1,-1,-1,-1,-1,-1,-1,-1,1162
1172,-1,-1,-1,-1,-1,-1,-1,-1,-1,-1,-1,-1,-1,-1,-1,-1,-1,-1,-1,-1,-1,-1,-1,-1,-1,-1,-1,-1,-1,-1,1162
1172,1162,1164,1162,1162,1164,1162,-1,-1,-1,-1,-1,-1,-1,-1,-1,-1,-1,-1,-1,-1,-1,-1,-1,-1,-1,-1,-1,-1,-1,-1,1162
1162,-1,-1,-1,-1,-1,-1,-1,-1,-1,-1,-1,-1,-1,-1,-1,-1,-1,-1,-1,-1,-1,-1,-1,-1,-1,-1,-1,-1,-1,-1,1162
1172,-1,-1,-1,-1,-1,-1,-1,-1,-1,-1,-1,-1,-1,-1,-1,-1,-1,-1,-1,-1,-1,-1,-1,-1,-1,-1,-1,-1,-1,-1,1162
959,-1,-1,-1,-1,-1,-1,-1,-1,-1,957,957,-1,-1,-1,-1,-1,-1,-1,-1,-1,-1,-1,-1,-1,-1,-1,-1,-1,-1,-1,959
959,-1,-1,-1,-1,-1,-1,-1,-1,-1,-1,-1,-1,-1,-1,-1,-1,-1,-1,-1,-1,-1,-1,-1,-1,-1,-1,-1,-1,-1,-1,959
959,-1,-1,-1,-1,-1,-1,-1,-1,-1,-1,-1,-1,-1,957,957,-1,-1,-1,-1,-1,-1,-1,-1,-1,-1,-1,-1,-1,-1,-1,959
959,-1,-1,-1,-1,-1,-1,-1,-1,-1,-1,-1,-1,-1,957,957,-1,-1,-1,-1,-1,-1,-1,-1,-1,-1,-1,-1,-1,-1,-1,959
959,-1,-1,-1,-1,-1,-1,-1,-1,-1,-1,-1,-1,-1,-1,-1,-1,-1,957,957,-1,-1,-1,-1,-1,-1,-1,-1,-1,-1,-1,959
959,-1,-1,-1,-1,-1,-1,-1,-1,-1,-1,-1,-1,-1,-1,-1,-1,-1,957,957,-1,-1,-1,-1,-1,-1,-1,-1,-1,-1,-1,959
959,-1,-1,-1,-1,-1,-1,-1,-1,-1,-1,-1,-1,-1,-1,-1,-1,-1,-1,-1,-1,-1,-1,-1,-1,-1,-1,-1,-1,-1,-1,959
959,-1,-1,-1,-1,-1,-1,-1,-1,-1,-1,-1,-1,-1,-1,-1,-1,-1,-1,-1,-1,-1,957,957,-1,-1,-1,-1,-1,-1,-1,959
959,-1,-1,-1,-1,-1,-1,-1,-1,-1,-1,-1,-1,-1,-1,-1,-1,-1,-1,-1,-1,-1,957,957,-1,-1,-1,-1,-1,-1,-1,959
959,-1,-1,-1,-1,-1,-1,-1,-1,-1,-1,-1,-1,-1,-1,-1,-1,-1,-1,-1,-1,-1,-1,-1,-1,-1,-1,-1,-1,-1,-1,959
959,-1,-1,-1,-1,-1,-1,-1,-1,-1,-1,-1,-1,-1,-1,-1,-1,-1,-1,-1,-1,-1,-1,-1,-1,-1,-1,-1,-1,-1,-1,959
959,-1,-1,-1,-1,-1,-1,-1,-1,-1,-1,-1,-1,-1,-1,-1,-1,-1,957,957,-1,-1,-1,-1,-1,-1,-1,-1,-1,-1,-1,959
959,-1,-1,-1,-1,-1,-1,-1,-1,-1,-1,-1,-1,-1,-1,-1,-1,-1,957,957,-1,-1,-1,-1,-1,-1,-1,-1,-1,-1,-1,959
959,-1,-1,-1,-1,-1,-1,-1,-1,-1,-1,-1,-1,-1,-1,-1,-1,-1,-1,-1,-1,-1,-1,-1,-1,-1,-1,-1,-1,-1,-1,959
959,-1,-1,-1,-1,-1,-1,-1,-1,-1,-1,-1,-1,-1,-1,-1,-1,-1,-1,-1,-1,-1,-1,-1,-1,-1,-1,-1,-1,-1,-1,959
959,-1,-1,-1,-1,-1,-1,-1,-1,-1,-1,-1,-1,-1,957,957,-1,-1,-1,-1,-1,-1,-1,-1,-1,-1,-1,-1,-1,-1,-1,959
959,-1,-1,-1,-1,-1,-1,-1,-1,-1,-1,-1,-1,-1,957,957,-1,-1,-1,-1,-1,-1,-1,-1,-1,-1,-1,-1,-1,-1,-1,959
959,-1,-1,-1,-1,-1,-1,-1,-1,-1,-1,-1,-1,-1,-1,-1,-1,-1,-1,-1,-1,-1,-1,-1,-1,-1,-1,-1,-1,-1,-1,959
959,-1,-1,-1,-1,-1,-1,-1,-1,-1,-1,-1,-1,-1,-1,-1,-1,-1,-1,-1,-1,-1,-1,-1,-1,-1,-1,-1,-1,-1,-1,959
959,-1,-1,-1,-1,-1,-1,-1,-1,-1,957,957,-1,-1,-1,-1,-1,-1,-1,-1,-1,-1,-1,-1,-1,-1,-1,-1,-1,-1,-1,959
959,-1,-1,-1,-1,-1,-1,-1,-1,-1,957,957,-1,-1,-1,-1,-1,-1,-1,-1,-1,-1,-1,-1,-1,-1,-1,-1,-1,-1,-1,959
959,-1,-1,-1,-1,-1,-1,-1,-1,-1,-1,-1,-1,-1,-1,-1,-1,-1,-1,-1,-1,-1,-1,-1,-1,-1,-1,-1,-1,-1,-1,959
959,-1,-1,-1,-1,-1,-1,-1,-1,-1,-1,-1,-1,-1,-1,-1,-1,-1,-1,-1,-1,-1,-1,-1,-1,-1,-1,-1,-1,-1,-1,959
959,-1,-1,-1,-1,-1,957,957,-1,-1,-1,-1,-1,-1,-1,-1,-1,-1,-1,-1,-1,-1,-1,-1,-1,-1,-1,-1,-1,-1,-1,959
959,-1,-1,-1,-1,-1,957,957,-1,-1,-1,-1,-1,-1,-1,-1,-1,-1,-1,-1,-1,-1,-1,-1,-1,-1,-1,-1,-1,-1,-1,959
959,-1,-1,-1,-1,-1,-1,-1,-1,-1,-1,-1,-1,-1,-1,-1,-1,-1,-1,-1,-1,-1,-1,-1,-1,-1,-1,-1,-1,-1,-1,959
959,-1,-1,-1,-1,-1,-1,-1,-1,-1,-1,-1,-1,-1,-1,-1,-1,-1,-1,-1,-1,-1,-1,-1,-1,-1,-1,-1,-1,-1,-1,959
959,-1,-1,-1,-1,-1,-1,-1,-1,-1,957,957,-1,-1,-1,-1,-1,-1,-1,-1,-1,-1,-1,-1,-1,-1,-1,-1,-1,-1,-1,959
959,-1,-1,-1,-1,-1,-1,-1,-1,-1,957,957,-1,-1,-1,-1,-1,-1,-1,-1,-1,-1,-1,-1,-1,-1,-1,-1,-1,-1,-1,959
959,-1,-1,-1,-1,-1,-1,-1,-1,-1,-1,-1,-1,-1,-1,-1,-1,-1,-1,-1,-1,-1,-1,-1,-1,-1,-1,-1,-1,-1,-1,959
959,-1,-1,-1,-1,-1,-1,-1,-1,-1,-1,-1,-1,-1,-1,-1,-1,-1,-1,-1,-1,-1,-1,-1,-1,-1,-1,-1,-1,-1,-1,959
959,-1,-1,-1,-1,-1,-1,-1,-1,-1,-1,-1,-1,-1,-1,-1,-1,-1,-1,-1,-1,-1,-1,-1,-1,-1,-1,-1,-1,-1,-1,959
1099,-1,-1,-1,-1,-1,-1,-1,-1,-1,-1,1102,1102,1102,1102,1102,1102,1102,1102,1102,1102,-1,-1,-1,-1,-1,-1,-1,-1,-1,-1,1099
1099,-1,-1,-1,-1,-1,-1,-1,-1,-1,-1,-1,-1,-1,-1,-1,-1,-1,-1,-1,-1,-1,-1,-1,-1,-1,-1,-1,-1,-1,-1,1099
1099,-1,-1,-1,-1,1102,1102,-1,-1,-1,-1,-1,-1,-1,-1,-1,-1,-1,-1,-1,-1,-1,-1,-1,-1,1102,1102,-1,-1,-1,-1,1099
1099,-1,-1,-1,-1,1102,1102,1102,-1,-1,-1,-1,-1,-1,-1,-1,-1,-1,-1,-1,-1,-1,-1,-1,1102,1102,1102,-1,-1,-1,-1,1099
1099,-1,-1,-1,-1,-1,1102,1102,1102,-1,-1,-1,-1,-1,-1,-1,-1,-1,-1,-1,-1,-1,-1,1102,1102,1102,-1,-1,-1,-1,-1,1099
1099,-1,-1,-1,-1,-1,-1,1102,1102,1102,-1,-1,-1,-1,-1,-1,-1,-1,-1,-1,-1,-1,1102,1102,1102,-1,-1,-1,-1,-1,-1,1099
1099,-1,-1,-1,-1,-1,-1,-1,1102,1102,1102,-1,-1,-1,-1,-1,-1,-1,-1,-1,-1,1102,1102,1102,-1,-1,-1,-1,-1,-1,-1,1099
1099,-1,-1,-1,-1,-1,-1,-1,-1,1102,1102,1102,-1,-1,-1,-1,-1,-1,-1,-1,1102,1102,1102,-1,-1,-1,-1,-1,-1,-1,-1,1099
1099,-1,-1,-1,-1,-1,-1,-1,-1,-1,1102,1102,-1,-1,-1,-1,-1,-1,-1,-1,1102,1102,-1,-1,-1,-1,-1,-1,-1,-1,-1,1099
1099,-1,-1,-1,-1,-1,-1,-1,-1,-1,-1,-1,-1,-1,-1,-1,-1,-1,-1,-1,-1,-1,-1,-1,-1,-1,-1,-1,-1,-1,-1,1099
1099,-1,-1,-1,-1,-1,-1,-1,-1,-1,-1,-1,-1,-1,-1,1102,1102,-1,-1,-1,-1,-1,-1,-1,-1,-1,-1,-1,-1,-1,-1,1099
1099,-1,-1,-1,-1,-1,-1,-1,-1,-1,-1,-1,-1,-1,-1,1102,1102,-1,-1,-1,-1,-1,-1,-1,-1,-1,-1,-1,-1,-1,-1,1099
1099,-1,-1,-1,-1,-1,-1,-1,-1,-1,-1,-1,-1,-1,-1,1102,1102,-1,-1,-1,-1,-1,-1,-1,-1,-1,-1,-1,-1,-1,-1,1099
1099,-1,-1,-1,-1,-1,-1,-1,-1,-1,-1,-1,-1,1102,1102,1102,1102,1102,1102,-1,-1,-1,-1,-1,-1,-1,-1,-1,-1,-1,-1,1099
1099,-1,-1,-1,-1,-1,-1,-1,-1,-1,-1,-1,-1,-1,-1,-1,-1,-1,-1,-1,-1,-1,-1,-1,-1,-1,-1,-1,-1,-1,-1,1099
1099,-1,-1,-1,-1,-1,-1,-1,-1,-1,-1,-1,-1,-1,-1,-1,-1,-1,-1,-1,-1,-1,-1,-1,-1,-1,-1,-1,-1,-1,-1,1099
1099,-1,-1,-1,-1,-1,-1,-1,-1,-1,-1,-1,-1,-1,-1,-1,-1,-1,-1,-1,-1,-1,-1,-1,-1,-1,-1,-1,-1,-1,-1,1099
1099,-1,-1,-1,1102,1102,1102,1102,1102,1102,1102,-1,-1,-1,-1,-1,-1,-1,-1,-1,-1,1102,1102,1102,1102,1102,1102,1102,-1,-1,-1,1099
1099,-1,-1,-1,-1,1102,1102,1102,1102,1102,-1,-1,-1,-1,-1,-1,-1,-1,-1,-1,-1,-1,1102,1102,1102,1102,1102,-1,-1,-1,-1,1099
1099,-1,-1,-1,-1,-1,1102,1102,1102,-1,-1,-1,-1,-1,-1,-1,-1,-1,-1,-1,-1,-1,-1,1102,1102,1102,-1,-1,-1,-1,-1,1099
1099,-1,-1,-1,-1,-1,-1,1102,-1,-1,-1,-1,-1,-1,1102,1102,1102,1102,-1,-1,-1,-1,-1,-1,1102,-1,-1,-1,-1,-1,-1,1099
1099,-1,-1,-1,-1,-1,-1,-1,-1,-1,-1,-1,-1,1102,1102,-1,-1,1102,1102,-1,-1,-1,-1,-1,-1,-1,-1,-1,-1,-1,-1,1099
1099,-1,-1,-1,-1,-1,-1,-1,-1,-1,-1,-1,-1,1102,-1,-1,-1,-1,1102,-1,-1,-1,-1,-1,-1,-1,-1,-1,-1,-1,-1,1099
1099,-1,-1,-1,-1,-1,-1,-1,-1,-1,-1,-1,1102,1102,-1,-1,-1,-1,1102,1102,-1,-1,-1,-1,-1,-1,-1,-1,-1,-1,-1,1099
1099,-1,-1,-1,-1,-1,-1,-1,-1,-1,-1,1102,1102,-1,-1,-1,-1,-1,-1,1102,1102,-1,-1,-1,-1,-1,-1,-1,-1,-1,-1,1099
1099,-1,-1,-1,-1,-1,-1,-1,-1,-1,-1,1102,-1,-1,-1,-1,-1,-1,-1,-1,1102,-1,-1,-1,-1,-1,-1,-1,-1,-1,-1,1099
1099,-1,-1,-1,-1,-1,-1,-1,-1,-1,-1,-1,-1,-1,-1,-1,-1,-1,-1,-1,-1,-1,-1,-1,-1,-1,-1,-1,-1,-1,-1,1099
1099,-1,-1,-1,-1,-1,-1,-1,-1,-1,-1,-1,-1,-1,-1,-1,-1,-1,-1,-1,-1,-1,-1,-1,-1,-1,-1,-1,-1,-1,-1,1099
1099,-1,-1,-1,1102,1102,1102,1102,1102,1102,1102,-1,-1,-1,-1,-1,-1,-1,-1,-1,-1,1102,1102,1102,1102,1102,1102,1102,-1,-1,-1,1099
1099,-1,-1,-1,-1,1102,1102,1102,1102,1102,-1,-1,-1,-1,-1,-1,-1,-1,-1,-1,-1,-1,1102,1102,1102,1102,1102,-1,-1,-1,-1,1099
1099,-1,-1,-1,-1,-1,1102,1102,1102,-1,-1,-1,-1,-1,-1,-1,-1,-1,-1,-1,-1,-1,-1,1102,1102,1102,-1,-1,-1,-1,-1,1099
1099,-1,-1,-1,-1,-1,-1,1102,-1,-1,-1,-1,-1,-1,-1,-1,-1,-1,-1,-1,-1,-1,-1,-1,1102,-1,-1,-1,-1,-1,-1,1099
892,-1,-1,-1,-1,-1,-1,-1,-1,-1,-1,898,898,898,898,898,898,898,898,898,898,-1,-1,-1,-1,-1,-1,-1,-1,-1,-1,892
892,-1,-1,-1,-1,-1,-1,-1,-1,-1,-1,-1,-1,-1,-1,-1,-1,-1,-1,-1,-1,-1,-1,-1,-1,-1,-1,-1,-1,-1,-1,892
892,-1,-1,-1,-1,-1,-1,-1,-1,-1,-1,-1,-1,-1,-1,-1,-1,-1,-1,-1,-1,-1,-1,-1,-1,-1,-1,-1,-1,-1,-1,892
892,-1,-1,-1,-1,-1,898,898,-1,-1,-1,-1,-1,-1,-1,-1,-1,-1,-1,-1,-1,-1,-1,-1,898,898,-1,-1,-1,-1,-1,892
892,-1,-1,-1,-1,-1,-1,898,-1,-1,-1,-1,-1,-1,-1,-1,-1,-1,-1,-1,-1,-1,-1,-1,898,-1,-1,-1,-1,-1,-1,892
892,-1,-1,-1,-1,-1,-1,898,-1,-1,-1,-1,-1,-1,-1,-1,-1,-1,-1,-1,-1,-1,-1,-1,898,-1,-1,-1,-1,-1,-1,892
892,-1,-1,-1,-1,-1,-1,898,-1,-1,-1,-1,-1,-1,-1,-1,-1,-1,-1,-1,-1,-1,-1,-1,898,-1,-1,-1,-1,-1,-1,892
892,-1,-1,-1,-1,-1,-1,898,898,-1,-1,-1,-1,-1,-1,-1,-1,-1,-1,-1,-1,-1,-1,898,898,-1,-1,-1,-1,-1,-1,892
892,-1,-1,-1,-1,-1,-1,-1,898,898,898,-1,-1,-1,-1,-1,-1,-1,-1,-1,-1,898,898,898,-1,-1,-1,-1,-1,-1,-1,892
892,-1,-1,-1,-1,-1,-1,-1,-1,-1,898,898,-1,-1,-1,-1,-1,-1,-1,-1,898,898,-1,-1,-1,-1,-1,-1,-1,-1,-1,892
892,-1,-1,-1,-1,-1,-1,-1,-1,-1,-1,-1,-1,-1,-1,-1,-1,-1,-1,-1,-1,-1,-1,-1,-1,-1,-1,-1,-1,-1,-1,892
892,-1,-1,-1,-1,-1,-1,-1,-1,-1,-1,-1,-1,-1,-1,-1,-1,-1,-1,-1,-1,-1,-1,-1,-1,-1,-1,-1,-1,-1,-1,892
892,-1,-1,-1,-1,-1,-1,-1,-1,-1,-1,-1,-1,-1,-1,898,898,-1,-1,-1,-1,-1,-1,-1,-1,-1,-1,-1,-1,-1,-1,892
892,-1,-1,-1,-1,-1,-1,-1,-1,-1,-1,-1,-1,-1,898,898,898,898,-1,-1,-1,-1,-1,-1,-1,-1,-1,-1,-1,-1,-1,892
892,-1,-1,-1,-1,-1,-1,-1,-1,-1,-1,-1,-1,898,898,898,898,898,898,-1,-1,-1,-1,-1,-1,-1,-1,-1,-1,-1,-1,892
892,-1,-1,-1,-1,-1,-1,-1,-1,-1,898,898,898,898,898,898,898,898,898,898,898,898,-1,-1,-1,-1,-1,-1,-1,-1,-1,892
892,-1,-1,-1,-1,-1,-1,-1,-1,-1,-1,-1,-1,-1,-1,-1,-1,-1,-1,-1,-1,-1,-1,-1,-1,-1,-1,-1,-1,-1,-1,892
892,-1,-1,-1,-1,-1,-1,-1,-1,-1,-1,-1,-1,-1,-1,-1,-1,-1,-1,-1,-1,-1,-1,-1,-1,-1,-1,-1,-1,-1,-1,892
892,-1,-1,-1,898,-1,-1,-1,-1,-1,-1,-1,-1,-1,-1,-1,-1,-1,-1,-1,-1,-1,-1,-1,-1,-1,-1,898,-1,-1,-1,892
892,-1,-1,-1,898,898,-1,-1,-1,-1,-1,-1,-1,-1,-1,-1,-1,-1,-1,-1,-1,-1,-1,-1,-1,-1,898,898,-1,-1,-1,892
892,-1,-1,-1,-1,898,-1,-1,-1,-1,-1,-1,-1,-1,-1,-1,-1,-1,-1,-1,-1,-1,-1,-1,-1,-1,898,-1,-1,-1,-1,892
892,-1,-1,-1,-1,898,-1,-1,-1,-1,-1,-1,-1,-1,-1,-1,-1,-1,-1,-1,-1,-1,-1,-1,-1,-1,898,-1,-1,-1,-1,892
892,-1,-1,-1,-1,898,-1,-1,-1,-1,-1,-1,-1,-1,-1,-1,-1,-1,-1,-1,-1,-1,-1,-1,-1,-1,898,-1,-1,-1,-1,892
892,-1,-1,-1,-1,898,898,-1,-1,-1,-1,-1,-1,-1,-1,-1,-1,-1,-1,-1,-1,-1,-1,-1,-1,898,898,-1,-1,-1,-1,892
892,-1,-1,-1,-1,-1,898,898,-1,-1,-1,-1,-1,-1,-1,-1,-1,-1,-1,-1,-1,-1,-1,-1,898,898,-1,-1,-1,-1,-1,892
892,-1,-1,-1,-1,-1,-1,898,898,898,-1,-1,-1,-1,-1,-1,-1,-1,-1,-1,-1,-1,898,898,898,-1,-1,-1,-1,-1,-1,892
892,-1,-1,-1,-1,-1,-1,-1,-1,-1,-1,-1,-1,-1,-1,-1,-1,-1,-1,-1,-1,-1,-1,-1,-1,-1,-1,-1,-1,-1,-1,892
892,-1,-1,-1,-1,-1,-1,-1,-1,-1,-1,-1,-1,-1,-1,-1,-1,-1,-1,-1,-1,-1,-1,-1,-1,-1,-1,-1,-1,-1,-1,892
892,-1,-1,-1,-1,-1,-1,-1,-1,-1,-1,-1,-1,-1,-1,-1,-1,-1,-1,-1,-1,-1,-1,-1,-1,-1,-1,-1,-1,-1,-1,892
892,-1,-1,-1,-1,-1,-1,-1,-1,-1,-1,-1,-1,898,898,898,898,898,898,-1,-1,-1,-1,-1,-1,-1,-1,-1,-1,-1,-1,892
892,-1,-1,-1,-1,-1,-1,-1,-1,-1,-1,-1,-1,898,898,898,898,898,898,-1,-1,-1,-1,-1,-1,-1,-1,-1,-1,-1,-1,892
892,-1,-1,-1,-1,-1,-1,-1,-1,-1,-1,-1,-1,-1,-1,-1,-1,-1,-1,-1,-1,-1,-1,-1,-1,-1,-1,-1,-1,-1,-1,892
1109,-1,-1,-1,-1,-1,-1,-1,-1,-1,-1,-1,-1,-1,-1,-1,-1,-1,-1,-1,-1,-1,-1,-1,-1,-1,-1,-1,-1,-1,-1,1109
1109,-1,-1,-1,-1,1105,1105,1105,1105,1105,-1,-1,-1,-1,-1,-1,-1,-1,-1,-1,-1,-1,1105,1105,1105,1105,1105,-1,-1,-1,-1,1109
1109,-1,-1,-1,-1,-1,-1,-1,-1,-1,-1,-1,-1,-1,-1,-1,-1,-1,-1,-1,-1,-1,-1,-1,-1,-1,-1,-1,-1,-1,-1,1109
1109,-1,-1,-1,-1,-1,-1,-1,-1,-1,-1,-1,-1,-1,-1,-1,-1,-1,-1,-1,-1,-1,-1,-1,-1,-1,-1,-1,-1,-1,-1,1109
1109,1105,-1,-1,-1,-1,-1,-1,-1,-1,-1,-1,-1,-1,-1,-1,-1,-1,-1,-1,-1,-1,-1,-1,-1,-1,-1,-1,-1,-1,1105,1109
1109,1105,1105,-1,-1,-1,-1,-1,-1,-1,-1,-1,-1,-1,-1,-1,-1,-1,-1,-1,-1,-1,-1,-1,-1,-1,-1,-1,-1,1105,1105,1109
1109,1105,1105,1105,-1,-1,-1,-1,-1,-1,-1,-1,-1,-1,-1,-1,-1,-1,-1,-1,-1,-1,-1,-1,-1,-1,-1,-1,1105,1105,1105,1109
1109,1105,1105,1105,1105,-1,-1,-1,-1,-1,-1,-1,-1,-1,-1,-1,-1,-1,-1,-1,-1,-1,-1,-1,-1,-1,-1,1105,1105,1105,1105,1109
1109,1105,1105,1105,1105,1105,-1,-1,-1,-1,-1,-1,-1,-1,-1,-1,-1,-1,-1,-1,-1,-1,-1,-1,-1,-1,1105,1105,1105,1105,1105,1109
1109,-1,-1,-1,-1,-1,-1,-1,-1,-1,-1,-1,-1,-1,-1,-1,-1,-1,-1,-1,-1,-1,-1,-1,-1,-1,-1,-1,-1,-1,-1,1109
1109,-1,-1,-1,-1,-1,-1,-1,-1,-1,-1,-1,-1,-1,-1,-1,-1,-1,-1,-1,-1,-1,-1,-1,-1,-1,-1,-1,-1,-1,-1,1109
1109,-1,-1,-1,-1,-1,-1,-1,-1,-1,-1,-1,-1,-1,-1,-1,-1,-1,-1,-1,-1,-1,-1,-1,-1,-1,-1,-1,-1,-1,-1,1109
1109,-1,-1,-1,-1,-1,-1,-1,1105,1105,1105,1105,1105,1105,1105,1105,1105,1105,1105,1105,1105,1105,1105,1105,-1,-1,-1,-1,-1,-1,-1,1109
1109,-1,-1,-1,-1,-1,-1,-1,-1,-1,-1,-1,-1,-1,-1,-1,-1,-1,-1,-1,-1,-1,-1,-1,-1,-1,-1,-1,-1,-1,-1,1109
1109,-1,-1,-1,-1,-1,-1,-1,-1,-1,-1,-1,-1,-1,-1,-1,-1,-1,-1,-1,-1,-1,-1,-1,-1,-1,-1,-1,-1,-1,-1,1109
1109,-1,-1,-1,-1,-1,-1,-1,-1,-1,-1,-1,-1,-1,-1,-1,-1,-1,-1,-1,-1,-1,-1,-1,-1,-1,-1,-1,-1,-1,-1,1109
1109,1105,1105,1105,1105,-1,-1,-1,-1,-1,-1,-1,-1,-1,-1,-1,-1,-1,-1,-1,-1,-1,-1,-1,-1,-1,-1,1105,1105,1105,1105,1109
1109,-1,-1,-1,-1,-1,-1,-1,-1,-1,-1,-1,-1,-1,-1,-1,-1,-1,-1,-1,-1,-1,-1,-1,-1,-1,-1,-1,-1,-1,-1,1109
1109,-1,-1,-1,-1,-1,-1,-1,-1,-1,-1,-1,-1,-1,-1,-1,-1,-1,-1,-1,-1,-1,-1,-1,-1,-1,-1,-1,-1,-1,-1,1109
1109,-1,-1,-1,-1,-1,-1,-1,-1,-1,-1,-1,-1,-1,-1,-1,-1,-1,-1,-1,-1,-1,-1,-1,-1,-1,-1,-1,-1,-1,-1,1109
1109,-1,-1,-1,-1,-1,1105,1105,1105,1105,-1,-1,-1,-1,-1,-1,-1,-1,-1,-1,-1,-1,1105,1105,1105,1105,-1,-1,-1,-1,-1,1109
1109,-1,-1,-1,-1,-1,1105,1105,1105,1105,-1,-1,-1,-1,-1,-1,-1,-1,-1,-1,-1,-1,1105,1105,1105,1105,-1,-1,-1,-1,-1,1109
1109,-1,-1,-1,-1,-1,-1,-1,-1,-1,-1,-1,-1,-1,1105,1105,1105,1105,-1,-1,-1,-1,-1,-1,-1,-1,-1,-1,-1,-1,-1,1109
1109,-1,-1,-1,-1,-1,-1,-1,-1,-1,-1,-1,-1,-1,1105,1105,1105,1105,-1,-1,-1,-1,-1,-1,-1,-1,-1,-1,-1,-1,-1,1109
1109,-1,-1,-1,-1,-1,-1,-1,-1,-1,-1,-1,-1,-1,-1,-1,-1,-1,-1,-1,-1,-1,-1,-1,-1,-1,-1,-1,-1,-1,-1,1109
1109,-1,-1,-1,-1,-1,-1,-1,-1,-1,-1,-1,-1,-1,-1,-1,-1,-1,-1,-1,-1,-1,-1,-1,-1,-1,-1,-1,-1,-1,-1,1109
1109,1105,1105,1105,1105,1105,1105,1105,1105,1105,-1,-1,-1,-1,-1,-1,-1,-1,-1,-1,-1,-1,1105,1105,1105,1105,1105,1105,1105,1105,1105,1109
1109,1105,1105,1105,1105,1105,1105,1105,1105,1105,-1,-1,-1,-1,-1,-1,-1,-1,-1,-1,-1,-1,1105,1105,1105,1105,1105,1105,1105,1105,1105,1109
1109,1105,1105,1105,1105,1105,1105,1105,1105,1105,-1,-1,-1,-1,-1,-1,-1,-1,-1,-1,-1,-1,1105,1105,1105,1105,1105,1105,1105,1105,1105,1109
1109,1105,1105,1105,1105,1105,1105,1105,1105,1105,-1,-1,-1,-1,-1,-1,-1,-1,-1,-1,-1,-1,1105,1105,1105,1105,1105,1105,1105,1105,1105,1109
1109,1105,1105,1105,1105,1105,1105,1105,1105,1105,-1,-1,-1,-1,-1,-1,-1,-1,-1,-1,-1,-1,1105,1105,1105,1105,1105,1105,1105,1105,1105,1109
1109,1109,1109,1109,1109,1105,1105,1105,1105,1105,1109,1109,1109,1109,1109,1109,1109,1109,1109,1109,1109,1109,1109,1109,1109,1109,1109,1109,1109,1109,1109,1109
